slug,title,meta_title,meta_description,meta_keywords,category_slug,published_at,excerpt,body_html,hero_image_filename,schema_type,related_taxon_permalinks,related_product_skus,batch_id
meltemi-wind-kitesurfing-guide,Kitesurfing the Meltemi — Greek Islands Wind Guide,Meltemi Wind Kitesurfing Greece 2026 | Conditions Guide,"Master the meltemi wind for kitesurfing in Greece. Learn conditions, gear, technique & safety. Find expert gear at Surf Store.",,guides,2026-05-07,"The meltemi wind is Greece's legendary summer thermal, delivering consistent 15–25 knot conditions perfect for advanced kitesurfers.","",,Article,categories/kitesurfing,,batch_15_conditions
mistral-wind-kitesurfing-guide,Kitesurfing the Mistral — South France Wind Guide 2026,Mistral Wind Kitesurfing France 2026 | Surf Store,"Master the mistral wind for kitesurfing in France. Learn gear selection, technique tips, and safety. Find it at Surf Store.",,guides,2026-05-07,"The mistral wind brings powerful, consistent conditions to Southern France. Learn how to harness this famous wind safely and effectively.","",,Article,categories/kitesurfing,,batch_15_conditions
tramontane-wind-kitesurfing-guide,Kitesurfing the Tramontane — Roussillon Wind Guide,Tramontane Wind Kitesurfing France 2026 Guide,"Master the tramontane wind for kitesurfing in France. Learn conditions, gear choices, technique, and safety. Shop expert equipment at Surf Store.",,guides,2026-05-07,"The tramontane is France's most powerful and consistent wind for kitesurfing, blowing cold and hard down the Rhône valley and across the Mediterranean coast.","",,Article,categories/kitesurfing,,batch_15_conditions
levante-wind-tarifa-guide,Kitesurfing the Levante — Tarifa East Wind Guide,Levante Wind Tarifa Kitesurfing Guide 2026,"Master the Levante at Tarifa with expert tips on wind patterns, gear selection, and technique. Shop kites and wetsuits at Surf Store.",,guides,2026-05-07,"The Levante wind at Tarifa brings powerful, consistent easterly conditions beloved by kitesurfers seeking reliable performance and skill progression.","",,Article,categories/kitesurfing,,batch_15_conditions
poniente-wind-tarifa-guide,Kitesurfing the Poniente — Tarifa West Wind Guide,Poniente Wind Tarifa Kitesurfing Guide 2026,"Master the Poniente wind at Tarifa with our expert kitesurfing guide. Learn conditions, gear, and technique tips. Shop now at Surf Store.",,guides,2026-05-07,"The Poniente wind brings consistent westerly conditions to Tarifa—here's how to read it, gear for it, and ride it safely.","",,Article,categories/kitesurfing,,batch_15_conditions
bora-wind-croatia-guide,Kitesurfing the Bora — Croatia Adriatic Wind Guide,Bora Wind Croatia Kitesurfing Guide 2026,"Master the Bora wind in Croatia with expert kitesurfing and windsurfing tips, gear recommendations, and safety advice. Shop now at Surf Store.",,guides,2026-05-07,"The Bora wind transforms Croatia's coast into a world-class kitesurfing and windsurfing destination—learn conditions, gear, technique, and safety.","",,Article,categories/kitesurfing,,batch_15_conditions
sirocco-wind-mediterranean-guide,The Sirocco Wind — Mediterranean Kitesurfing Guide,Sirocco Wind Mediterranean Kitesurfing Guide 2026,"Master sirocco wind conditions for Mediterranean kitesurfing. Learn gear selection, technique, and safety. Shop now at Surf Store.",,guides,2026-05-07,"The sirocco wind brings warm, gusty conditions to Mediterranean waters—here's how to harness it safely and effectively.","",,Article,,,batch_15_conditions
trade-winds-kitesurfing-guide,Trade Wind Kitesurfing — Why It Is So Good,Trade Winds Kitesurfing Canary Islands 2026 | Fuerteventu...,"Master trade winds kitesurfing in Fuerteventura. Learn conditions, gear sizes, technique tips & safety. Shop kites & boards at Surf Store.",,guides,2026-05-07,"Trade winds deliver reliable, consistent Atlantic conditions for kitesurfing in Fuerteventura. Learn how to read them, choose the right gear, and ride safely.","",,Article,categories/kitesurfing,,batch_15_conditions
thermal-sea-breeze-kitesurfing-guide,Sea Breeze & Thermal Wind — Kitesurfing Guide,Thermal Wind Sea Breeze Kitesurfing Guide 2026,"Master thermal sea breeze conditions for kitesurfing. Learn wind patterns, ideal gear, and technique tips. Shop expert gear at Surf Store.",,guides,2026-05-07,Thermal sea breeze creates predictable afternoon wind for kitesurfing—perfect for progression and light-wind sessions when you know how to read it.,"",,Article,categories/kitesurfing,,batch_15_conditions
kitesurfing-in-20-knots-guide,Kitesurfing in 20 Knots — Kite Size & Setup Guide,Kitesurfing 20 Knots: What Kite Size 2026,"20 knots is ideal for progression. Learn kite sizes, techniques & safety for kitesurfing in 20 knots. Find gear at Surf Store.",,guides,2026-05-07,20 knots offers perfect conditions for learning and progression—here's how to choose your kite size and master the wind.,"",,Article,categories/kitesurfing/kites,,batch_15_conditions
kitesurfing-strong-wind-25-30-knots,Kitesurfing in 25–30 Knots — Strong Wind Setup Guide,Kitesurfing 25–30 Knots: Guide for Strong Wind 2026,"Master strong-wind kitesurfing in 25–30 knots. Gear, technique, and safety tips from Surf Store experts. Shop now at Surf Store.",,guides,2026-05-08,"25–30 knots is prime strong-wind territory for experienced kiters. Learn the right gear, technique, and safety measures to ride these conditions confidently.","",,Article,categories/kitesurfing/kites,,batch_15_conditions
kitesurfing-light-wind-12-15-knots,Kitesurfing in 12–15 Knots — Light Wind Tips & Gear,Kitesurfing Light Wind 12–15 Knots: Tips & Gear 2026,"Master kitesurfing light wind 12–15 knots with our expert guide on kite sizes, technique, and safety. Find gear at Surf Store.",,guides,2026-05-08,"Learn how to kitesurfing light wind 12–15 knots conditions with the right kite size, technique adjustments, and safety practices.","",,Article,categories/kitesurfing/kites,,batch_15_conditions
windsurfing-in-20-knots-guide,Windsurfing in 20 Knots — Sail Size & Setup Guide,Windsurfing 20 Knots Sail Size Setup 2026 | Surf Store,"Expert guide to windsurfing in 20 knots: ideal sail sizes, boards, and technique. Find your perfect setup at Surf Store.",,guides,2026-05-08,"20 knots is ideal windsurfing conditions. Learn the right sail size, board choice, and technique to make the most of moderate wind.","",,Article,categories/windsurf/windsurf-sails,,batch_15_conditions
windsurfing-strong-wind-30-knots,Windsurfing in 30 Knots — Strong Wind Tips & Gear,Windsurfing Strong Wind 30 Knots Tips 2026,"Master windsurfing in strong wind with expert 30-knot guides, gear picks, and technique tips. Shop quality sails and boards at Surf Store.",,guides,2026-05-08,"30-knot conditions demand the right sail size, board control, and safety awareness—here's how to read the conditions and thrive.","",,Article,categories/windsurf/windsurf-sails,,batch_15_conditions
windsurfing-light-wind-tips,Windsurfing in Light Wind — Can You Plane in 10–12 Knots?,Windsurfing Light Wind 10-12 Knots: Planing Guide 2026,"Master windsurfing light wind conditions (10–12 knots). Learn sail sizes, board selection, and technique to plane consistently. Find gear at Surf Store.",,guides,2026-05-08,"Discover how to plane in light wind and 10–12 knots with the right sail size, board setup, and technique adjustments for consistent performance.","",,Article,categories/windsurf/windsurf-sails,,batch_15_conditions
wing-foiling-minimum-wind-guide,Wing Foiling Minimum Wind — Can You Fly in 12 Knots?,Wing Foiling Minimum Wind 12–14 Knots Guide 2026,"Learn wing foiling in 12–14 knot minimum wind. Gear sizes, technique tips, and safety. Find wings and boards at Surf Store.",,guides,2026-05-08,"Wing foiling in 12–14 knots is achievable with the right technique, wing size, and board setup—here's what you need to know.","",,Article,categories/wingfoil/wings,,batch_15_conditions
wing-foiling-20-knots-wing-size,Wing Foiling in 20 Knots — Wing Size & Foil Setup Guide,Wing Foiling 20 Knots: Best Wing Size & Gear 2026,"Master wing foiling in 20 knots with our expert guide on wing sizes, technique & safety. Find premium gear at Surf Store.",,guides,2026-05-08,"20 knots is ideal for wing foiling progression. Learn which wing size to choose, how to adjust your technique, and what safety measures matter most.","",,Article,categories/wingfoil/wings,,batch_15_conditions
kitesurfing-offshore-wind-danger,Is Offshore Wind Dangerous for Kitesurfing? — Safety Guide,Kitesurfing Offshore Wind Danger 2026 | Safety Tips,"Is offshore wind dangerous for kitesurfing? Learn essential safety tips, conditions to avoid, and how to kitesurf responsibly. Find it at Surf Store.",,guides,2026-05-08,"Offshore wind can be dangerous for kitesurfing if you're unprepared, but understanding conditions and following safety protocols makes it manageable.","",,FAQPage,categories/kitesurfing,,batch_15_conditions
kitesurfing-in-gusty-wind-tips,Kitesurfing in Gusty Wind — How to Stay Safe,Kitesurf Safely in Gusty Wind | 2026 Tips,"Master kitesurfing gusty wind tips and safety techniques. Learn when to ride, gear choices, and control strategies. Find it at Surf Store.",,guides,2026-05-08,"Kitesurf safely in gusty conditions by choosing the right gear, reading wind patterns, and mastering depower techniques before riding.","",,FAQPage,categories/kitesurfing,,batch_15_conditions
kitesurfing-thunderstorm-lightning-danger,Kitesurfing and Thunderstorms — Why You Must Stop,Can You Kitesurf in a Thunderstorm? Safety Guide 2026,No—kite flying in thunderstorms is extremely dangerous due to lightning risk. Learn when to stop kitesurfing. Shop safe gear at Surf Store.,,guides,2026-05-08,No: kitesurfing in a thunderstorm is extremely dangerous due to lightning strikes and unpredictable wind—always check weather before heading out.,"",,FAQPage,categories/kitesurfing,,batch_15_conditions
kitesurfing-onshore-wind-guide,Kitesurfing in Onshore Wind — Tips for Beginners,Kitesurfing Onshore Wind Tips for Beginners 2026,"Master kitesurfing in onshore wind with expert tips on gear, technique, and safety. Shop quality equipment at Surf Store.",,guides,2026-05-09,Learn how to kitesurf safely and effectively in onshore wind conditions with our expert tips on gear selection and technique adjustments.,"",,Article,categories/kitesurfing,,batch_15_conditions
cross-shore-vs-cross-onshore-kitesurfing,Cross-Shore vs Cross-Onshore Wind — Which Is Better for Kitesurfing?,Cross-Shore vs Cross-Onshore Wind 2026,Learn the key differences between cross-shore and cross-onshore wind for kitesurfing. Expert guide to wind angles and safety. Shop at Surf Store.,,guides,2026-05-09,"Cross-shore wind blows parallel to the beach, while cross-onshore wind blows at an angle toward land—both affect safety and performance differently.","",,FAQPage,categories/kitesurfing,,batch_15_conditions
kitesurfing-cold-water-winter-guide,Kitesurfing in Cold Water — Winter Gear & Safety Guide,Kitesurfing Cold Water Winter Europe Guide 2026,"Master kitesurfing cold water conditions with the right thermal wetsuits, kites, and technique. Winter Europe guide. Shop now at Surf Store.",,guides,2026-05-09,"Kitesurfing in cold water demands proper thermal protection, adjusted technique, and smart equipment choices. Learn how to stay warm and safe.","",,Article,categories/wetsuits,,batch_15_conditions
best-time-of-year-to-kitesurf-europe,Best Time of Year to Kitesurf in Europe — Monthly Guide,Best Time to Kitesurf Europe 2026 | Monthly Guide,"Learn the best months for kitesurfing across Europe—wind patterns, water temps & destinations. Find gear at Surf Store.",,guides,2026-05-09,Summer and autumn deliver the most reliable wind and warm water across European kitesurf destinations.,"",,FAQPage,categories/kitesurfing,,batch_15_conditions
best-season-windsurf-mediterranean,Best Season to Windsurf in the Mediterranean — Month by Month,Best Time to Windsurf Mediterranean 2026,Discover the best season to windsurf in the Mediterranean. Spring and autumn offer ideal wind and water conditions. Shop gear at Surf Store.,,guides,2026-05-09,Spring (April–May) and autumn (September–October) deliver the most consistent wind and comfortable water temperatures for Mediterranean windsurfing.,"",,FAQPage,categories/windsurf,,batch_15_conditions
kitesurfing-spring-autumn-europe,Kitesurfing in Spring & Autumn Europe — Shoulder Season Guide,Kitesurfing Spring Autumn Europe 2026 | Conditions Guide,"Learn how to kitesurf safely in European spring and autumn. Wind patterns, gear sizing, technique tips & safety. Find it at Surf Store.",,guides,2026-05-09,Spring and autumn deliver inconsistent but thrilling wind for European kiteboarders. Master variable conditions with the right gear and technique.,"",,Article,categories/kitesurfing,,batch_15_conditions
windsurfing-winter-cold-weather-guide,Windsurfing in Winter — Cold Weather Gear & Tips,Windsurfing Winter Cold Weather Europe Tips 2026,"Master windsurfing in winter with our expert guide on gear, technique & safety for cold European waters. Find it at Surf Store.",,guides,2026-05-09,"Winter windsurfing demands specialist gear and technique adjustments. Learn how to stay warm, safe, and in control on cold European waters.","",,Article,categories/windsurf,,batch_15_conditions
how-to-read-wind-forecast-kitesurfing,How to Read a Wind Forecast for Kitesurfing — Windy App Guide,How to Read Wind Forecast for Kitesurfing 2026,Learn how to read wind forecast for kitesurfing using Windy app and other tools. Get step-by-step guidance from our experts. Shop now at Surf Store.,,guides,2026-05-09,"Read wind speed, direction, and gust patterns using tools like Windy app to plan safe, enjoyable kitesurfing sessions.","",,FAQPage,categories/kitesurfing,,batch_15_conditions
best-kitesurfing-weather-apps-2026,Best Kitesurfing Weather Apps 2026 — Windy vs iKitesurf vs Others,Best Kitesurfing Weather Apps 2026 | Windy & iKitesurf,"Discover the best kitesurfing weather apps for accurate wind forecasts. Learn how Windy, iKitesurf, and others help you plan perfect sessions. Shop now ...",,guides,2026-05-09,"Windy, iKitesurf, and Meteoblue are the best kitesurfing weather apps for reliable wind forecasts and real-time conditions.","",,FAQPage,categories/kitesurfing,,batch_15_conditions
how-to-read-isobars-wind-forecast,How to Read Isobars for Wind Forecasts — Water Sports Guide,How to Read Isobars in Wind Forecasts 2026,Learn how to read isobars on wind forecasts for kitesurfing and windsurfing. Master pressure patterns to predict wind speed and direction. Shop at Surf ...,,guides,2026-05-09,"Isobars are lines connecting equal atmospheric pressure; closer spacing means stronger wind, and the wind flows parallel to isobars in the direction of lower...","",,FAQPage,categories/kitesurfing,,batch_15_conditions
kitesurfing-self-rescue-guide,Kitesurfing Self-Rescue — Step-by-Step Guide,Kitesurfing Self Rescue How To Guide 2026,Learn essential kitesurfing self rescue techniques to stay safe on the water. Expert guide with step-by-step instructions. Find it at Surf Store,,guides,2026-05-10,Self-rescue in kitesurfing means depowering your kite and swimming back to shore safely when you've drifted away from your launch point.,"",,FAQPage,categories/kitesurfing,,batch_15_conditions
how-to-land-kite-alone,How to Land a Kite Alone — Self-Landing Technique Guide,How to Land a Kite Alone | Self-Landing Technique 2026,Learn the self-landing technique to land your kite alone safely. Step-by-step guide for kitesurfers. Shop kites at Surf Store.,,guides,2026-05-10,"Land your kite safely without assistance using the self-landing technique: fly to the edge of the wind window, depower completely, and guide it down.","",,FAQPage,categories/kitesurfing,,batch_15_conditions
how-to-launch-kite-strong-wind,How to Launch a Kite in Strong Wind — Safety Tips,How to Launch a Kite in Strong Wind Safely 2026,Master safe kite launching in strong wind with expert techniques and gear tips. Shop kites & safety equipment at Surf Store.,,guides,2026-05-10,"Launch safely in strong wind by using a smaller kite, securing the bar with both hands, keeping the kite low, and reading the wind window before committing.","",,FAQPage,categories/kitesurfing,,batch_15_conditions
how-to-body-drag-upwind-kitesurfing,How to Body Drag Upwind — Essential Kitesurfing Rescue Skill,How to Body Drag Upwind Kitesurfing 2026,"Master body drag upwind kitesurfing rescue technique. Learn positioning, kite control & safety. Shop kites at Surf Store.",,guides,2026-05-10,Body dragging upwind in kitesurfing requires correct kite positioning at 45 degrees and powerful edge control to generate forward momentum into the wind.,"",,FAQPage,categories/kitesurfing,,batch_15_conditions
kitesurfing-right-of-way-rules,Right of Way Rules in Kitesurfing — IKO Rules Explained,Kitesurfing Right of Way Rules 2026 | Priority Guide,Learn kitesurfing right of way rules and who has priority on the water. Safety guide for kiteboarders. Find it at Surf Store.,,guides,2026-05-10,"In kitesurfing, the rider on starboard tack (right side of the wind) and the rider downwind have right of way; upwind riders must give way.","",,FAQPage,categories/kitesurfing,,batch_15_conditions
kitesurfing-crowded-beach-safety,Kitesurfing on a Crowded Beach — Safety Rules & Etiquette,Kitesurfing Crowded Beach Safety Tips 2026,"Master kitesurfing on busy beaches with expert safety protocols. Learn positioning, equipment checks & crowd awareness. Shop at Surf Store.",,guides,2026-05-10,"Choose off-peak times, position yourself upwind of swimmers, maintain constant awareness of other water users, and use certified safety equipment to kitesurf...","",,FAQPage,categories/kitesurfing,,batch_15_conditions
how-far-offshore-kitesurf-safely,How Far Offshore Can You Safely Kitesurf? — Distance Guide,How Far Offshore Can You Kitesurf Safely? 2026,"Learn safe offshore distances, wind patterns, and essential skills for kitesurfing. Expert guidance from Surf Store. Shop now at Surf Store.",,guides,2026-05-10,"Most experienced kiteboarders can safely venture 500–1000 metres offshore in consistent wind, provided they have proper skills, equipment, and a recovery plan.","",,FAQPage,categories/kitesurfing,,batch_15_conditions
kitesurfing-distress-signals-guide,Kitesurfing Distress Signals — How to Call for Help on the Water,Kitesurfing Distress Signals & Safety 2026,Learn essential kitesurfing distress signals and how to call for help on the water. Safety guidance from experts. Find it at Surf Store.,,guides,2026-05-10,"Kitesurfing distress signals include waving both arms, releasing your kite, and using visual markers—master these to stay safe on the water.","",,FAQPage,categories/kitesurfing,,batch_15_conditions
kitesurfing-downwinder-guide,How to Plan a Downwinder — Kitesurfing Downwind Guide,Kitesurfing Downwinder Guide 2026 | Plan & Ride,"Learn how to plan and ride a kitesurfing downwinder safely. Expert tips on wind, spot selection, and technique. Find gear at Surf Store.",,guides,2026-05-10,"A kitesurfing downwinder involves riding with the wind pushing you downwind over distance, requiring careful spot selection, weather planning, and a defined ...","",,FAQPage,categories/kitesurfing,,batch_15_conditions
kitesurfing-near-boats-safety,Kitesurfing Near Boats & Sailing Vessels — Safety Rules,Kitesurf Safely Near Boat Traffic | Sail Store 2026,"Learn how to kitesurf near boat traffic safely. Expert tips on visibility, positioning, and awareness. Find gear at Surf Store.",,guides,2026-05-10,"Always kitesurf in designated zones away from shipping lanes, wear bright colours, maintain 360° awareness, and master quick launch/landing techniques to sta...","",,FAQPage,categories/kitesurfing,,batch_15_conditions
kitesurfing-in-waves-technique-guide,Kitesurfing in Waves — Tips & Technique for Surf Conditions,Kitesurfing in Waves Tips & Technique 2026,"Master kitesurfing in waves with our expert guide on technique, gear selection, and safety. Find the right kite and board at Surf Store.",,guides,2026-05-11,"Learn how to safely ride waves with a kite, from choosing the right equipment to mastering wave-riding technique.","",,Article,categories/kitesurfing/kiteboards,,batch_15_conditions
flat-water-vs-waves-kitesurfing,Flat Water vs Waves — Which Is Easier for Kitesurfing?,Flat Water vs Waves Kitesurfing 2026 | Easier for Beginners?,Learn whether flat water or waves is easier for kitesurfing. Expert guide for beginners. Find it at Surf Store.,,guides,2026-05-11,Flat water is easier for kitesurfing beginners because it removes wave complexity and lets you focus on kite control and balance.,"",,FAQPage,categories/kitesurfing,,batch_15_conditions
windsurfing-choppy-water-tips,Windsurfing in Choppy Water — Technique Tips & Setup,Windsurfing Choppy Water Technique Tips 2026,"Master windsurfing choppy water with expert technique tips, gear selection & safety advice. Shop performance sails & boards at Surf Store.",,guides,2026-05-11,"Learn how to handle windsurfing choppy water conditions with proven technique adjustments, equipment choices, and safety strategies.","",,Article,categories/windsurf,,batch_15_conditions
wing-foiling-in-waves-guide,Wing Foiling in Waves — Tips for Surf Conditions,Wing Foiling in Waves: Surf Conditions Tips 2026,"Master wing foiling in waves with expert tips on wind, technique, and gear. Learn when conditions are right. Shop wing foils at Surf Store.",,guides,2026-05-11,"Wing foiling in waves combines the thrill of surf with foil speed. Learn wind windows, technique adjustments, and essential safety for wave riding.","",,Article,categories/wingfoil,,batch_15_conditions
kite-foiling-in-choppy-conditions,Kite Foiling in Choppy Water — Setup & Technique Guide,Kite Foiling in Choppy Water 2026 | Surf Store,"Master kite foiling in chop with expert setup tips, gear selection & technique. Find performance boards & kites at Surf Store.",,guides,2026-05-11,"Learn how to adapt your kite foiling setup and technique for choppy water, from gear selection to safety strategies.","",,Article,categories/kitesurfing/kite-foils,,batch_15_conditions
sup-paddling-in-wind-tips,SUP Paddling in Wind — How to Handle Windy Conditions,SUP Paddling in Wind: How to Handle Windy Conditions,"Master SUP paddling in wind with expert techniques, stance tips, and gear advice. Learn how to handle windy conditions safely. Find it at Surf Store.",,guides,2026-05-11,"Control your SUP in wind by adopting a wider stance, paddling with shorter strokes, angling your board into gusts, and choosing a narrower board with good di...","",,FAQPage,categories/sup,,batch_15_conditions
kitesurfing-shallow-water-tips,Kitesurfing in Shallow Water — Safety & Technique Guide,Kitesurfing Shallow Water Safety Tips 2026,"Learn essential kitesurfing shallow water tips, reef awareness, and safety techniques. Find expert gear at Surf Store.",,guides,2026-05-11,"Shallow water kitesurfing requires smaller gear, precise technique, and constant awareness of the seabed to avoid impact injuries and equipment damage.","",,FAQPage,categories/kitesurfing,,batch_15_conditions
kitesurfing-tidal-current-guide,Kitesurfing with Tidal Current — Safety & Planning Guide,Kitesurfing Tidal Current Safety Tips 2026,Learn how tidal currents affect kitesurfing performance and safety. Expert tips to master wind and water conditions. Shop at Surf Store.,,guides,2026-05-11,"Tidal currents create variable water flow that affects your drift, launch difficulty, and safety—understanding them is essential for confident riding.","",,FAQPage,categories/kitesurfing,,batch_15_conditions
windsurfing-lake-vs-ocean,Lake vs Ocean Windsurfing — Key Differences & What to Expect,Lake vs Ocean Windsurfing 2026 | Conditions Guide,Understand windsurfing lake vs ocean conditions differences. Learn which suits your level. Shop boards and gear at Surf Store.,,guides,2026-05-11,"Lake windsurfing offers flat water and consistent wind, while ocean windsurfing presents waves, currents, and more demanding conditions.","",,FAQPage,categories/windsurf,,batch_15_conditions
when-to-switch-to-smaller-kite,When Should You Switch to a Smaller Kite? — Wind Guide,When to Switch to Smaller Kite | Overpowered Guide 2026,"Learn when you're overpowered and need a smaller kite. Signs, conditions, and expert tips. Find it at Surf Store.",,guides,2026-05-11,"Switch to a smaller kite when you feel overpowered, lose board control, or struggle to stay upwind.","",,FAQPage,categories/kitesurfing/kites,,batch_15_conditions
when-to-fly-bigger-kite,When Should You Fly a Bigger Kite? — Underpowered Guide,When to Fly a Bigger Kite | Light Wind Guide 2026,Learn when to fly a bigger kite in light winds and avoid underpowered sessions. Expert tips for choosing the right size. Shop kites at Surf Store.,,guides,2026-05-12,"Fly a bigger kite when the wind drops below your current setup's minimum, typically in light winds under 10 knots where you feel underpowered and struggle to...","",,FAQPage,categories/kitesurfing/kites,,batch_15_conditions
wetsuit-thickness-water-temperature-guide,Wetsuit Thickness by Water Temperature — Full Guide 2026,Wetsuit Thickness Water Temperature Guide 2026,"Match wetsuit thickness to water temperature with our practical guide chart. Learn when to wear 3/2mm, 4/3mm, 5/4mm suits. Shop now at Surf Store.",,guides,2026-05-12,"Choose wetsuit thickness by matching millimetre rating to your water temperature: 3/2mm for 16–18°C, 4/3mm for 12–16°C, 5/4mm for 8–12°C, 6/5mm for below 8°C.","",,FAQPage,categories/wetsuits,,batch_15_conditions
kite-size-by-weight-and-wind-speed,Kite Size by Weight & Wind Speed — Full Calculator Guide,Kite Size Calculator by Weight & Wind Speed 2026,Learn to choose the right kite size using our weight and wind speed chart. Expert guidance for kitesurfers. Shop now at Surf Store.,,guides,2026-05-12,"Match your kite size to your body weight and local wind conditions using a simple chart and three-step formula for safe, responsive riding.","",,FAQPage,categories/kitesurfing/kites,,batch_15_conditions
windsurf-sail-size-per-conditions,Windsurf Sail Size per Wind Conditions — How to Choose,Windsurf Sail Size Guide by Wind Conditions 2026,Learn how to choose the right windsurf sail size for your wind conditions. Expert guide with practical tips. Shop now at Surf Store.,,guides,2026-05-12,"Match your windsurf sail size to wind speed and your weight: lighter winds need larger sails (5.0–6.5 m²), medium winds suit 4.5–5.5 m², and strong winds req...","",,FAQPage,categories/windsurf/windsurf-sails,,batch_15_conditions
wing-size-guide-by-wind-speed,Wing Foil Size Guide — Choosing Your Wing by Wind Speed,Wing Foil Size Guide by Wind Speed 2026,Learn how to choose the right wing foil size for your wind conditions. Beginner to advanced tips. Find it at Surf Store.,,guides,2026-05-12,"Match your wing foil size to wind speed: lighter winds need bigger wings (5–6 m²), medium winds 4–5 m², and strong winds 3–4 m².","",,FAQPage,categories/wingfoil/wings,,batch_15_conditions
kite-foiling-light-wind-guide,Kite Foiling in Light Wind — Minimum Wind & Technique Guide,Kite Foiling Light Wind Guide 2026 | Surf Store,"Master kite foiling light wind techniques with the right gear. Learn minimum speed, board selection & safety tips. Shop now at Surf Store.",,guides,2026-05-12,"Kite foiling light wind sessions demand the right combination of large kites, lightweight foil boards, and precise body positioning to generate lift and main...","",,Article,categories/kitesurfing/kite-foils,,batch_15_conditions
kiteboard-size-for-light-wind-guide,Kiteboard Size for Light Wind — Large Board Guide 2026,Best Kiteboard Size for Light Wind | 2026 Guide,"Light wind requires larger kiteboards (15m+) for better float and control. Learn sizing, brands & tips. Shop now at Surf Store.",,guides,2026-05-12,"For light wind conditions, choose a kiteboard sized 15m or larger to maximise float, response, and your ability to stay upwind.","",,FAQPage,categories/kitesurfing/kiteboards,,batch_15_conditions
foil-vs-regular-kiteboard-light-wind,Foil vs Regular Kiteboard in Light Wind — Which Is Better?,Foil vs Regular Kiteboard Light Wind 2026,Discover whether a foil or regular kiteboard performs better in light wind. Expert guidance for kitesurfers. Shop at Surf Store.,,guides,2026-05-12,"Foil kiteboards are superior in light wind because they generate lift earlier and require less power, making them ideal when conditions are marginal.","",,FAQPage,categories/kitesurfing/kiteboards,,batch_15_conditions
directional-vs-twintip-in-waves-guide,Directional vs Twin-Tip in Waves — Which Kiteboard to Choose?,Directional vs Twin-Tip Kiteboard in Waves 2026,Choose between directional and twin-tip kiteboards for wave riding. Expert guide on which works best for your skill level. Find it at Surf Store.,,guides,2026-05-12,"For serious wave riding, a directional kiteboard gives better control and speed, whilst twin-tips suit freestyle and variable wind conditions.","",,FAQPage,categories/kitesurfing/kiteboards,,batch_15_conditions
kite-harness-settings-for-jumping,Kite Harness Setup for Big Air & Jumping — Settings Guide,Kite Harness for Jumping Big Air 2026 | Surf Store,"Master big air jumping with proper kite harness settings. Learn technique, gear, and safety for massive airs. Find it at Surf Store.",,guides,2026-05-12,"Discover the essential kite harness adjustments, technique, and gear needed to land massive big air jumps safely and consistently.","",,Article,categories/kitesurfing/kite-harnesses,,batch_15_conditions
windsurf-harness-strong-wind-settings,Windsurf Harness Settings for Strong Wind — Tuning Guide,Windsurf Harness Strong Wind Tips 2026 | Surf Store,"Master windsurf harness settings for strong wind conditions. Expert tips on technique, gear selection & safety. Find it at Surf Store.",,guides,2026-05-13,"Learn how to adjust your windsurf harness, technique, and gear selection when strong wind strikes your local spot.","",,Article,categories/windsurf/windsurf-harnesses,,batch_15_conditions
kitesurfing-progress-how-to-improve-faster,Stuck in a Kitesurfing Rut? — How to Progress Faster,Kitesurfing Progress Tips: Improve Faster in 2026,"Master kitesurfing faster with expert tips on technique, equipment, wind conditions, and training. Break through plateaus at Surf Store.",,guides,2026-05-13,"Progress faster in kitesurfing by combining consistent practice in variable wind, deliberate technique work, proper equipment progression, and learning from ...","",,FAQPage,categories/kitesurfing,,batch_15_conditions
windsurfing-progress-tips-improve,How to Progress Faster in Windsurfing — Breaking Through the Plateau,Windsurfing Progress Tips: How to Improve & Break Through...,"Learn proven windsurfing progress tips to break plateaus and improve faster. Expert guidance on technique, equipment, and training. Find it at Surf Store.",,guides,2026-05-13,"Windsurfing progress accelerates when you focus on technique consistency, match your equipment to current conditions, and train with structured feedback from...","",,FAQPage,categories/windsurf,,batch_15_conditions
first-time-kitesurfing-open-water-tips,First Time Kitesurfing in Open Water — What to Expect,Kitesurfing First Time Ocean Tips 2026 | Surf Store,"Essential kitesurfing first time ocean tips: safety checks, conditions, gear setup. Start confidently. Shop at Surf Store.",,guides,2026-05-13,"Before your first kitesurfing session in open water, ensure you have proper training, check weather and tides, inspect your gear thoroughly, and never go alone.","",,FAQPage,categories/kitesurfing,,batch_15_conditions
how-to-kitesurf-upwind-faster,How to Kitesurf Upwind Faster — Technique & Tips,Kitesurf Upwind Faster: Technique Tips 2026,"Master how to kitesurf upwind faster with proven technique tips. Learn efficient body position, kite control & more. Shop gear at Surf Store.",,guides,2026-05-13,"Efficient upwind kitesurfing depends on precise kite angles, board positioning, and body weight distribution to maximise forward progress against the wind.","",,FAQPage,categories/kitesurfing,,batch_15_conditions
how-to-jump-kitesurfing-first-time,How to Jump Kitesurfing — First Jump Guide for Beginners,How to Jump Kitesurfing First Time | 2026 Guide,"Learn how to jump kitesurfing safely as a beginner. Master technique, timing, and kite control. Find expert gear at Surf Store.",,guides,2026-05-13,"Your first kitesurfing jump comes from combining proper kite control, board positioning, and explosive leg power at the right moment.","",,FAQPage,categories/kitesurfing,,batch_15_conditions
how-to-tack-kitesurfing-guide,How to Tack in Kitesurfing — Transition Technique Guide,How to Tack in Kitesurfing 2026 | Transition Technique Guide,"Master the kitesurfing tack technique with our step-by-step guide. Learn transitions, avoid common mistakes, and ride better. Shop quality kites at Surf...",,guides,2026-05-13,A tack in kitesurfing is a 180° board rotation where you change direction by turning into the wind and switching feet and kite position.,"",,FAQPage,categories/kitesurfing,,batch_15_conditions
how-to-gybe-kitesurfing-guide,How to Gybe in Kitesurfing — Step-by-Step Technique Guide,How to Gybe in Kitesurfing: Technique & Steps 2026,Learn how to gybe in kitesurfing with our step-by-step guide. Master this essential technique safely. Shop kite gear at Surf Store.,,guides,2026-05-13,"Gybing in kitesurfing is a controlled 180° turn where you redirect your kite and board to change direction, done by flying the kite overhead and shifting you...","",,FAQPage,categories/kitesurfing,,batch_15_conditions
how-to-waterstart-windsurfing-guide,How to Waterstart Windsurfing — Beginner Step-by-Step Guide,How to Waterstart Windsurfing 2026 | Beginner Guide,"Master the waterstart in windsurfing with our step-by-step beginner guide. Learn technique, avoid common mistakes, and progress faster. Shop at Surf Store.",,guides,2026-05-13,A waterstart in windsurfing is when you launch into the wind from deep water by using the sail's power to lift you and the board onto the plane without needi...,"",,FAQPage,categories/windsurf,,batch_15_conditions
how-to-windsurf-faster-technique,"How to Windsurf Faster — Pumping, Trim & Speed Techniques",How to Windsurf Faster in 2026 | Pumping Technique,Master pumping technique and speed secrets from our experts. Learn how to windsurf faster with proven methods. Shop gear at Surf Store.,,guides,2026-05-13,"Windsurfing speed comes from efficient pumping technique, board control, and matching your kit to wind conditions.","",,FAQPage,categories/windsurf,,batch_15_conditions
how-to-duck-tack-windsurfing,How to Duck Tack in Windsurfing — Advanced Technique Guide,How to Duck Tack Windsurf: Advanced Technique 2026,Master the duck tack windsurf advanced technique. Learn step-by-step how to execute this high-wind manoeuvre. Find it at Surf Store,,guides,2026-05-14,A duck tack is an advanced windsurfing manoeuvre where you flip the board while keeping the sail under your feet instead of doing a traditional turn.,"",,FAQPage,categories/windsurf,,batch_15_conditions
wing-foiling-takeoff-technique-guide,Wing Foiling Take-Off Technique — How to Get Up on the Foil,Wing Foil Takeoff Tips 2026 | How to Start Wing Foiling,Master wing foil takeoffs with expert foil touch down tips. Learn the key techniques for successful starts. Find it at Surf Store.,,guides,2026-05-14,"Successful wing foil takeoffs depend on proper foot positioning, wing angle, and knowing when your foil lifts—master these elements and you'll be riding in m...","",,FAQPage,categories/wingfoil,,batch_15_conditions
wing-foiling-gybe-tack-technique,Wing Foiling Gybes & Tacks — Turning Technique Guide,Wing Foiling Gybe Tack Turn Technique 2026,Master wing foiling gybe and tack turns with expert technique tips. Learn smooth transitions on foil. Find it at Surf Store.,,guides,2026-05-14,Gybing and tacking on a wing foil require controlled weight shifts and wing angle management to maintain foil flow through the turn.,"",,FAQPage,categories/wingfoil,,batch_15_conditions
kitesurfing-fitness-training-guide,Kitesurfing Fitness & Training — Best Land Exercises,Kitesurfing Fitness Training Exercises on Land | 2026,"Learn kitesurfing fitness training exercises on land to build strength, balance, and board control. Shop at Surf Store for expert guidance and gear.",,guides,2026-05-14,"Build core strength, balance, and edge control with targeted kitesurfing fitness training exercises on land before hitting the water.","",,FAQPage,categories/kitesurfing,,batch_15_conditions
windsurfing-fitness-training-guide,Windsurfing Fitness & Training — Best Exercises for Windsurfers,Windsurfing Fitness Training Exercises 2026 | Surf Store,Master windsurfing fitness training exercises and core strength drills on land. Build power and balance before hitting the water. Shop now at Surf Store.,,guides,2026-05-14,"Land-based windsurfing fitness training focuses on core strength, balance, and explosive power through targeted exercises that replicate water movements.","",,FAQPage,categories/windsurf,,batch_15_conditions
how-to-choose-kitesurfing-school,How to Choose a Kitesurfing School — IKO Certification Guide,How to Choose a Kitesurfing School | IKO Lessons 2026,"Learn how to choose a kitesurfing school with IKO certification. Expert guidance on instructors, facilities, and safety. Find it at Surf Store.",,guides,2026-05-14,"Choose a kitesurfing school with IKO certification, experienced instructors, proper safety protocols, and equipment that matches your size and skill level.","",,FAQPage,categories/kitesurfing,,batch_15_conditions
how-many-lessons-to-learn-kitesurfing,How Many Lessons to Learn Kitesurfing? — Realistic Breakdown,How Many Lessons to Learn Kitesurfing 2026,Most beginners need 10–15 hours of instruction to learn kitesurfing safely. Discover what affects progression and find expert guidance at Surf Store.,,guides,2026-05-14,Most beginners require 10–15 hours of professional instruction to learn kitesurfing safely and independently.,"",,FAQPage,categories/kitesurfing,,batch_15_conditions
can-you-teach-yourself-kitesurfing,Can You Teach Yourself Kitesurfing? — Honest Safety Advice,Can You Teach Yourself Kitesurfing? 2026 Guide,Learn if you can teach yourself kitesurfing without lessons. Honest advice on self-teaching risks and how to start safely. Shop gear at Surf Store.,,guides,2026-05-14,"Technically yes, but it's risky—most self-taught kitesurfers face serious safety issues and progress slowly.","",,FAQPage,categories/kitesurfing,,batch_15_conditions
what-to-expect-first-kitesurfing-lesson,What to Expect in Your First Kitesurfing Lesson — Beginner Guide,First Kitesurfing Lesson: What to Expect 2026,"Learn what to expect in your first kitesurfing lesson, from safety basics to water time. Start your journey right. Shop now at Surf Store.",,guides,2026-05-14,"Your first kitesurfing lesson covers safety, kite control on land, and guided water practice with professional instruction.","",,FAQPage,categories/kitesurfing,,batch_15_conditions
buying-second-hand-kitesurfing-gear,Buying Second-Hand Kitesurfing Gear — What to Check,Buy Second-Hand Kitesurfing Gear Safely | 2026 Guide,"Learn how to safely buy used kitesurfing equipment. Expert tips on inspecting gear, avoiding risks, and finding deals. Shop verified used gear at Surf S...",,guides,2026-05-14,"Yes, buying second-hand kitesurfing gear is safe when you inspect equipment carefully, understand wear patterns, and buy from trusted sources.","",,FAQPage,categories/kitesurfing,,batch_15_conditions
